{
    "$schema": "https://schema.management.azure.com/schemas/2015-01-01/deploymentParameters.json#",
    "contentVersion": "1.0.0.0",
    "parameters": {
        "subscriptionId": {
            "value": "afb2568d-7b8c-4266-a027-a97ccf54c61a"
        },
        "name": {
            "value": null
        },
        "location": {
            "value": "Central US"
        },
        "hostingPlanName": {
            "value": "ASP-azurewebappcoderg-b1fe"
        },
        "serverFarmResourceGroup": {
            "value": "azurewebappcode-rg"
        },
        "alwaysOn": {
            "value": true
        },
        "sku": {
            "value": "PremiumV2"
        },
        "skuCode": {
            "value": "P1v2"
        },
        "workerSize": {
            "value": "3"
        },
        "workerSizeId": {
            "value": "3"
        },
        "numberOfWorkers": {
            "value": "1"
        },
        "linuxFxVersion": {
            "value": ""
        }
    }
}